{"domain":"materials-science","tasksEvaluated":3,"avgBaseline":6.777777777777778,"avgAugmented":8.777777777777777,"delta":1.9999999999999991,"contentHashes":["0x11eb064f895acfcb408acde0a428b4a3229ec1c37207086de8aa4672980da260","0x6c86b0c46c8faad0a18e1998b1b4f10a3470c32501394e5cf29f1daca5b82589","0xd9569e722cd062e6f2e2c583d7481e48c516ae061dda2e18965849fad132b8a4"],"perTask":[{"id":"biofouling-prevention-strategy","baselineAvg":6.666666666666667,"augmentedAvg":8.666666666666666},{"id":"hdpe-fermentation-vessel","baselineAvg":6.333333333333333,"augmentedAvg":9},{"id":"pha-marine-degradation","baselineAvg":7.333333333333333,"augmentedAvg":8.666666666666666}]}