{"domain":"saas-engineering","tasksEvaluated":3,"avgBaseline":7.666666666666667,"avgAugmented":8,"delta":0.33333333333333304,"contentHashes":["0xf59eb0a5cc46300782d44348e70ae942af756942521d7a34b938442c4f83485b","0x9e00dd7309bb6d001bb016bb401ffb833dd66a9436505bbd9c018409efc7a1bd","0x4efa76eb13a887f28fda4038cb019d2cac8655a7e05731e8766b3276f35d8c6d","0x19be9e02ca72c5d66b8765cab311e1c4f7cfeb2de9235d4ea5613326da2d1997"],"perTask":[{"id":"saas-launch-checklist","baselineAvg":7,"augmentedAvg":9},{"id":"whatsapp-bot-debugging","baselineAvg":7,"augmentedAvg":9},{"id":"service-integration-verification","baselineAvg":9,"augmentedAvg":6}]}