{"domain":"saas-engineering","tasksEvaluated":3,"avgBaseline":8.222222222222221,"avgAugmented":7.888888888888888,"delta":-0.33333333333333304,"contentHashes":["0xf59eb0a5cc46300782d44348e70ae942af756942521d7a34b938442c4f83485b","0x9e00dd7309bb6d001bb016bb401ffb833dd66a9436505bbd9c018409efc7a1bd","0x4efa76eb13a887f28fda4038cb019d2cac8655a7e05731e8766b3276f35d8c6d"],"perTask":[{"id":"saas-launch-checklist","baselineAvg":8.666666666666666,"augmentedAvg":8},{"id":"whatsapp-bot-debugging","baselineAvg":6.666666666666667,"augmentedAvg":8.666666666666666},{"id":"service-integration-verification","baselineAvg":9.333333333333334,"augmentedAvg":7}]}