{"domain":"saas-engineering","tasksEvaluated":3,"avgBaseline":9,"avgAugmented":7.333333333333333,"delta":-1.666666666666667,"contentHashes":["0xf59eb0a5cc46300782d44348e70ae942af756942521d7a34b938442c4f83485b"],"perTask":[{"id":"saas-launch-checklist","baselineAvg":9,"augmentedAvg":8},{"id":"whatsapp-bot-debugging","baselineAvg":8.666666666666666,"augmentedAvg":7.333333333333333},{"id":"service-integration-verification","baselineAvg":9.333333333333334,"augmentedAvg":6.666666666666667}]}